time,target,speed,power
0,100,2.44949,300
0.01,100,3.44573,293.652
0.02,100,4.20783,291.638
0.03,100,4.84893,290.318
0.04,100,5.41287,289.352
0.05,100,5.92211,288.612
0.06,100,6.38999,288.03
0.07,100,6.8252,287.567
0.08,100,7.23376,287.198
0.09,100,7.62007,286.904
0.1,100,7.98742,286.672
0.11,100,8.33839,286.494
0.12,100,8.67502,286.361
0.13,100,8.99896,286.268
0.14,100,9.31158,286.21
0.15,100,9.61401,286.182
0.16,100,9.90721,286.181
0.17,100,10.192,286.206
0.18,100,10.4691,286.252
0.19,100,10.7391,286.319
0.2,100,11.0026,286.404
0.21,100,11.26,286.506
0.22,100,11.5117,286.624
0.23,100,11.7582,286.756
0.24,100,11.9997,286.902
0.25,100,12.2366,287.06
0.26,100,12.4691,287.229
0.27,100,12.6975,287.409
0.28,100,12.922,287.599
0.29,100,13.1428,287.799
0.3,100,13.3602,288.007
0.31,100,13.5742,288.224
0.32,100,13.7851,288.448
0.33,100,13.9929,288.68
0.34,100,14.1979,288.918
0.35,100,14.4001,289.163
0.36,100,14.5997,289.415
0.37,100,14.7968,289.672
0.38,100,14.9914,289.935
0.39,100,15.1838,290.203
0.4,100,15.3739,290.476
0.41,100,15.5619,290.754
0.42,100,15.7478,291.036
0.43,100,15.9317,291.323
0.44,100,16.1137,291.613
0.45,100,16.2938,291.908
0.46,100,16.4722,292.206
0.47,100,16.6488,292.508
0.48,100,16.8238,292.814
0.49,100,16.9971,293.122
0.5,100,17.1689,293.434
0.51,100,17.3392,293.749
0.52,100,17.5079,294.066
0.53,100,17.6753,294.387
0.54,100,17.8412,294.71
0.55,100,18.0058,295.035
0.56,100,18.1691,295.363
0.57,100,18.3312,295.693
0.58,100,18.4919,296.025
0.59,100,18.6515,296.359
0.6,100,18.8099,296.696
0.61,100,18.9672,297.034
0.62,100,19.1233,297.374
0.63,100,19.2784,297.716
0.64,100,19.4324,298.06
0.65,100,19.5853,298.405
0.66,100,19.7373,298.752
0.67,100,19.8882,299.1
0.68,100,20.0382,299.45
0.69,100,20.1873,299.801
0.7,100,20.3354,300.153
0.71,100,20.4827,300.507
0.72,100,20.629,300.862
0.73,100,20.7745,301.218
0.74,100,20.9192,301.575
0.75,100,21.063,301.934
0.76,100,21.2061,302.293
0.77,100,21.3483,302.653
0.78,100,21.4898,303.014
0.79,100,21.6305,303.376
0.8,100,21.7705,303.739
0.81,100,21.9097,304.103
0.82,100,22.0482,304.468
0.83,100,22.1861,304.833
0.84,100,22.3232,305.199
0.85,100,22.4597,305.566
0.86,100,22.5955,305.933
0.87,100,22.7306,306.301
0.88,100,22.8651,306.67
0.89,100,22.999,307.039
0.9,100,23.1323,307.409
0.91,100,23.265,307.779
0.92,100,23.3971,308.149
0.93,100,23.5285,308.521
0.94,100,23.6595,308.892
0.95,100,23.7898,309.264
0.96,100,23.9196,309.636
0.97,100,24.0489,310.009
0.98,100,24.1776,310.382
0.99,100,24.3058,310.755
1,100,24.4335,311.129
1.01,100,24.5606,311.503
1.02,100,24.6873,311.877
1.03,100,24.8134,312.252
1.04,100,24.9391,312.626
1.05,100,25.0643,313.001
1.06,100,25.189,313.376
1.07,100,25.3133,313.751
1.08,100,25.4371,314.127
1.09,100,25.5604,314.502
1.1,100,25.6833,314.878
1.11,100,25.8058,315.254
1.12,100,25.9278,315.629
1.13,100,26.0494,316.005
1.14,100,26.1705,316.381
1.15,100,26.2913,316.757
1.16,100,26.4116,317.133
1.17,100,26.5316,317.509
1.18,100,26.6511,317.885
1.19,100,26.7703,318.261
1.2,100,26.889,318.637
1.21,100,27.0074,319.013
1.22,100,27.1254,319.389
1.23,100,27.2431,319.765
1.24,100,27.3603,320.141
1.25,100,27.4772,320.517
1.26,100,27.5938,320.893
1.27,100,27.7099,321.268
1.28,100,27.8258,321.644
1.29,100,27.9413,322.019
1.3,100,28.0564,322.394
1.31,100,28.1712,322.77
1.32,100,28.2857,323.145
1.33,100,28.3998,323.519
1.34,100,28.5137,323.894
1.35,100,28.6272,324.269
1.36,100,28.7403,324.643
1.37,100,28.8532,325.017
1.38,100,28.9658,325.391
1.39,100,29.078,325.765
1.4,100,29.1899,326.139
1.41,100,29.3016,326.512
1.42,100,29.4129,326.885
1.43,100,29.524,327.258
1.44,100,29.6348,327.631
1.45,100,29.7452,328.003
1.46,100,29.8554,328.376
1.47,100,29.9653,328.748
1.48,100,30.075,329.119
1.49,100,30.1843,329.491
1.5,100,30.2934,329.862
1.51,100,30.4022,330.233
1.52,100,30.5108,330.603
1.53,100,30.6191,330.974
1.54,100,30.7271,331.344
1.55,100,30.8348,331.714
1.56,100,30.9424,332.083
1.57,100,31.0496,332.452
1.58,100,31.1566,332.821
1.59,100,31.2634,333.189
1.6,100,31.3699,333.558
1.61,100,31.4762,333.925
1.62,100,31.5822,334.293
1.63,100,31.688,334.66
1.64,100,31.7935,335.027
1.65,100,31.8988,335.393
1.66,100,32.0039,335.759
1.67,100,32.1088,336.125
1.68,100,32.2134,336.491
1.69,100,32.3178,336.856
1.7,100,32.422,337.22
1.71,100,32.5259,337.585
1.72,100,32.6297,337.948
1.73,100,32.7332,338.312
1.74,100,32.8365,338.675
1.75,100,32.9396,339.038
1.76,100,33.0425,339.4
1.77,100,33.1451,339.762
1.78,100,33.2476,340.124
1.79,100,33.3498,340.485
1.8,100,33.4519,340.846
1.81,100,33.5537,341.206
1.82,100,33.6554,341.566
1.83,100,33.7568,341.926
1.84,100,33.8581,342.285
1.85,100,33.9591,342.643
1.86,100,34.06,343.002
1.87,100,34.1606,343.36
1.88,100,34.2611,343.717
1.89,100,34.3614,344.074
1.9,100,34.4615,344.43
1.91,100,34.5614,344.787
1.92,100,34.6611,345.142
1.93,100,34.7606,345.497
1.94,100,34.86,345.852
1.95,100,34.9592,346.207
1.96,100,35.0581,346.56
1.97,100,35.157,346.914
1.98,100,35.2556,347.267
1.99,100,35.3541,347.619
2,100,35.4523,347.971
2.01,100,35.5505,348.323
2.02,100,35.6484,348.674
2.03,100,35.7462,349.025
2.04,100,35.8438,349.375
2.05,100,35.9412,349.725
2.06,100,36.0385,350.074
2.07,100,36.1356,350.423
2.08,100,36.2325,350.771
2.09,100,36.3293,351.119
2.1,100,36.4259,351.466
2.11,100,36.5224,351.813
2.12,100,36.6187,352.16
2.13,100,36.7148,352.505
2.14,100,36.8108,352.851
2.15,100,36.9066,353.196
2.16,100,37.0023,353.54
2.17,100,37.0978,353.884
2.18,100,37.1932,354.227
2.19,100,37.2884,354.57
2.2,100,37.3834,354.913
2.21,100,37.4784,355.255
2.22,100,37.5731,355.596
2.23,100,37.6677,355.937
2.24,100,37.7622,356.278
2.25,100,37.8565,356.618
2.26,100,37.9507,356.957
2.27,100,38.0447,357.296
2.28,100,38.1386,357.634
2.29,100,38.2323,357.972
2.3,100,38.326,358.31
2.31,100,38.4194,358.646
2.32,100,38.5127,358.983
2.33,100,38.6059,359.319
2.34,100,38.699,359.654
2.35,100,38.7919,359.989
2.36,100,38.8847,360.323
2.37,100,38.9773,360.657
2.38,100,39.0698,360.99
2.39,100,39.1622,361.323
2.4,100,39.2544,361.655
2.41,100,39.3465,361.986
2.42,100,39.4385,362.318
2.43,100,39.5303,362.648
2.44,100,39.6221,362.978
2.45,100,39.7137,363.308
2.46,100,39.8051,363.637
2.47,100,39.8964,363.965
2.48,100,39.9876,364.293
2.49,100,40.0787,364.621
2.5,100,40.1697,364.948
2.51,100,40.2605,365.274
2.52,100,40.3512,365.6
2.53,100,40.4418,365.925
2.54,100,40.5323,366.25
2.55,100,40.6226,366.574
2.56,100,40.7128,366.898
2.57,100,40.8029,367.221
2.58,100,40.8929,367.543
2.59,100,40.9828,367.865
2.6,100,41.0725,368.187
2.61,100,41.1621,368.508
2.62,100,41.2516,368.828
2.63,100,41.341,369.148
2.64,100,41.4303,369.467
2.65,100,41.5195,369.786
2.66,100,41.6085,370.104
2.67,100,41.6974,370.422
2.68,100,41.7862,370.739
2.69,100,41.8749,371.056
2.7,100,41.9635,371.372
2.71,100,42.052,371.687
2.72,100,42.1404,372.002
2.73,100,42.2287,372.317
2.74,100,42.3168,372.63
2.75,100,42.4048,372.944
2.76,100,42.4928,373.256
2.77,100,42.5806,373.569
2.78,100,42.6683,373.88
2.79,100,42.7559,374.191
2.8,100,42.8434,374.502
2.81,100,42.9308,374.812
2.82,100,43.0181,375.121
2.83,100,43.1053,375.43
2.84,100,43.1924,375.738
2.85,100,43.2793,376.046
2.86,100,43.3662,376.353
2.87,100,43.453,376.66
2.88,100,43.5396,376.966
2.89,100,43.6262,377.271
2.9,100,43.7127,377.576
2.91,100,43.799,377.88
2.92,100,43.8853,378.184
2.93,100,43.9715,378.487
2.94,100,44.0575,378.79
2.95,100,44.1435,379.092
2.96,100,44.2293,379.394
2.97,100,44.3151,379.695
2.98,100,44.4008,379.995
2.99,100,44.4863,380.295
3,100,44.5718,380.594
3.01,100,44.6572,380.893
3.02,100,44.7425,381.191
3.03,100,44.8276,381.489
3.04,100,44.9127,381.786
3.05,100,44.9977,382.082
3.06,100,45.0826,382.378
3.07,100,45.1674,382.673
3.08,100,45.2521,382.968
3.09,100,45.3367,383.262
3.1,100,45.4213,383.556
3.11,100,45.5057,383.849
3.12,100,45.59,384.141
3.13,100,45.6743,384.433
3.14,100,45.7584,384.725
3.15,100,45.8425,385.016
3.16,100,45.9265,385.306
3.17,100,46.0104,385.595
3.18,100,46.0941,385.885
3.19,100,46.1779,386.173
3.2,100,46.2615,386.461
3.21,100,46.345,386.748
3.22,100,46.4284,387.035
3.23,100,46.5118,387.321
3.24,100,46.595,387.607
3.25,100,46.6782,387.892
3.26,100,46.7613,388.177
3.27,100,46.8443,388.461
3.28,100,46.9272,388.744
3.29,100,47.01,389.027
3.3,100,47.0928,389.309
3.31,100,47.1754,389.591
3.32,100,47.258,389.872
3.33,100,47.3405,390.152
3.34,100,47.4229,390.432
3.35,100,47.5052,390.712
3.36,100,47.5874,390.991
3.37,100,47.6696,391.269
3.38,100,47.7517,391.547
3.39,100,47.8336,391.824
3.4,100,47.9155,392.1
3.41,100,47.9974,392.376
3.42,100,48.0791,392.652
3.43,100,48.1608,392.926
3.44,100,48.2423,393.201
3.45,100,48.3238,393.474
3.46,100,48.4052,393.747
3.47,100,48.4866,394.02
3.48,100,48.5678,394.292
3.49,100,48.649,394.563
3.5,100,48.7301,394.834
3.51,100,48.8111,395.104
3.52,100,48.892,395.374
3.53,100,48.9729,395.643
3.54,100,49.0537,395.912
3.55,100,49.1344,396.179
3.56,100,49.215,396.447
3.57,100,49.2955,396.714
3.58,100,49.376,396.98
3.59,100,49.4564,397.246
3.6,100,49.5367,397.511
3.61,100,49.6169,397.775
3.62,100,49.6971,398.039
3.63,100,49.7772,398.302
3.64,100,49.8572,398.565
3.65,100,49.9371,398.827
3.66,100,50.0169,399.089
3.67,100,50.0967,399.35
3.68,100,50.1764,399.611
3.69,100,50.2561,399.87
3.7,100,50.3356,400.13
3.71,100,50.4151,400.389
3.72,100,50.4945,400.647
3.73,100,50.5738,400.904
3.74,100,50.6531,401.161
3.75,100,50.7323,401.418
3.76,100,50.8114,401.674
3.77,100,50.8904,401.929
3.78,100,50.9694,402.184
3.79,100,51.0483,402.438
3.8,100,51.1271,402.692
3.81,100,51.2059,402.945
3.82,100,51.2846,403.197
3.83,100,51.3632,403.449
3.84,100,51.4417,403.701
3.85,100,51.5202,403.951
3.86,100,51.5986,404.201
3.87,100,51.6769,404.451
3.88,100,51.7551,404.7
3.89,100,51.8333,404.949
3.9,100,51.9114,405.197
3.91,100,51.9895,405.444
3.92,100,52.0675,405.691
3.93,100,52.1454,405.937
3.94,100,52.2232,406.182
3.95,100,52.301,406.427
3.96,100,52.3787,406.672
3.97,100,52.4563,406.916
3.98,100,52.5339,407.159
3.99,100,52.6114,407.402
4,100,52.6888,407.644
4.01,100,52.7661,407.886
4.02,100,52.8434,408.127
4.03,100,52.9206,408.367
4.04,100,52.9978,408.607
4.05,100,53.0749,408.846
4.06,100,53.1519,409.085
4.07,100,53.2289,409.323
4.08,100,53.3058,409.561
4.09,100,53.3826,409.798
4.1,100,53.4593,410.034
4.11,100,53.536,410.27
4.12,100,53.6126,410.506
4.13,100,53.6892,410.74
4.14,100,53.7657,410.975
4.15,100,53.8421,411.208
4.16,100,53.9185,411.441
4.17,100,53.9948,411.674
4.18,100,54.071,411.906
4.19,100,54.1472,412.137
4.2,100,54.2233,412.368
4.21,100,54.2993,412.598
4.22,100,54.3753,412.828
4.23,100,54.4512,413.057
4.24,100,54.5271,413.285
4.25,100,54.6028,413.513
4.26,100,54.6786,413.741
4.27,100,54.7542,413.968
4.28,100,54.8298,414.194
4.29,100,54.9053,414.419
4.3,100,54.9808,414.645
4.31,100,55.0562,414.869
4.32,100,55.1316,415.093
4.33,100,55.2068,415.316
4.34,100,55.2821,415.539
4.35,100,55.3572,415.762
4.36,100,55.4323,415.983
4.37,100,55.5073,416.204
4.38,100,55.5823,416.425
4.39,100,55.6572,416.645
4.4,100,55.7321,416.865
4.41,100,55.8069,417.083
4.42,100,55.8816,417.302
4.43,100,55.9562,417.519
4.44,100,56.0309,417.737
4.45,100,56.1054,417.953
4.46,100,56.1799,418.169
4.47,100,56.2543,418.385
4.48,100,56.3287,418.6
4.49,100,56.403,418.814
4.5,100,56.4772,419.028
4.51,100,56.5514,419.241
4.52,100,56.6255,419.454
4.53,100,56.6996,419.666
4.54,100,56.7736,419.878
4.55,100,56.8475,420.089
4.56,100,56.9214,420.299
4.57,100,56.9952,420.509
4.58,100,57.069,420.718
4.59,100,57.1427,420.927
4.6,100,57.2164,421.135
4.61,100,57.29,421.343
4.62,100,57.3635,421.55
4.63,100,57.437,421.756
4.64,100,57.5104,421.962
4.65,100,57.5838,422.168
4.66,100,57.6571,422.372
4.67,100,57.7303,422.577
4.68,100,57.8035,422.78
4.69,100,57.8766,422.983
4.7,100,57.9497,423.186
4.71,100,58.0227,423.388
4.72,100,58.0957,423.589
4.73,100,58.1686,423.79
4.74,100,58.2414,423.991
4.75,100,58.3142,424.19
4.76,100,58.3869,424.39
4.77,100,58.4596,424.588
4.78,100,58.5322,424.786
4.79,100,58.6048,424.984
4.8,100,58.6773,425.181
4.81,100,58.7497,425.377
4.82,100,58.8221,425.573
4.83,100,58.8945,425.769
4.84,100,58.9668,425.963
4.85,100,59.039,426.158
4.86,100,59.1112,426.351
4.87,100,59.1833,426.544
4.88,100,59.2553,426.737
4.89,100,59.3273,426.929
4.9,100,59.3993,427.12
4.91,100,59.4712,427.311
4.92,100,59.543,427.502
4.93,100,59.6148,427.691
4.94,100,59.6865,427.881
4.95,100,59.7582,428.069
4.96,100,59.8298,428.257
4.97,100,59.9014,428.445
4.98,100,59.9729,428.632
4.99,100,60.0444,428.818
5,100,60.1158,429.004
5.01,100,60.1871,429.189
5.02,100,60.2584,429.374
5.03,100,60.3297,429.559
5.04,100,60.4009,429.742
5.05,100,60.472,429.925
5.06,100,60.5431,430.108
5.07,100,60.6141,430.29
5.08,100,60.6851,430.471
5.09,100,60.756,430.652
5.1,100,60.8269,430.833
5.11,100,60.8977,431.013
5.12,100,60.9685,431.192
5.13,100,61.0392,431.371
5.14,100,61.1098,431.549
5.15,100,61.1804,431.726
5.16,100,61.251,431.903
5.17,100,61.3215,432.08
5.18,100,61.392,432.256
5.19,100,61.4624,432.431
5.2,100,61.5327,432.606
5.21,100,61.603,432.781
5.22,100,61.6732,432.954
5.23,100,61.7434,433.128
5.24,100,61.8136,433.3
5.25,100,61.8836,433.473
5.26,100,61.9537,433.644
5.27,100,62.0237,433.815
5.28,100,62.0936,433.986
5.29,100,62.1635,434.156
5.3,100,62.2333,434.325
5.31,100,62.3031,434.494
5.32,100,62.3728,434.662
5.33,100,62.4425,434.83
5.34,100,62.5121,434.997
5.35,100,62.5817,435.164
5.36,100,62.6512,435.33
5.37,100,62.7207,435.496
5.38,100,62.7901,435.661
5.39,100,62.8595,435.825
5.4,100,62.9288,435.989
5.41,100,62.9981,436.153
5.42,100,63.0673,436.316
5.43,100,63.1365,436.478
5.44,100,63.2056,436.64
5.45,100,63.2746,436.801
5.46,100,63.3437,436.962
5.47,100,63.4126,437.122
5.48,100,63.4816,437.282
5.49,100,63.5504,437.441
5.5,100,63.6193,437.599
5.51,100,63.688,437.757
5.52,100,63.7567,437.915
5.53,100,63.8254,438.072
5.54,100,63.894,438.228
5.55,100,63.9626,438.384
5.56,100,64.0311,438.54
5.57,100,64.0996,438.694
5.58,100,64.168,438.849
5.59,100,64.2364,439.002
5.6,100,64.3048,439.156
5.61,100,64.373,439.308
5.62,100,64.4413,439.46
5.63,100,64.5094,439.612
5.64,100,64.5776,439.763
5.65,100,64.6457,439.913
5.66,100,64.7137,440.063
5.67,100,64.7817,440.213
5.68,100,64.8496,440.362
5.69,100,64.9175,440.51
5.7,100,64.9854,440.658
5.71,100,65.0532,440.805
5.72,100,65.1209,440.952
5.73,100,65.1886,441.098
5.74,100,65.2563,441.244
5.75,100,65.3239,441.389
5.76,100,65.3914,441.534
5.77,100,65.4589,441.678
5.78,100,65.5264,441.821
5.79,100,65.5938,441.964
5.8,100,65.6612,442.107
5.81,100,65.7285,442.249
5.82,100,65.7958,442.39
5.83,100,65.863,442.531
5.84,100,65.9302,442.671
5.85,100,65.9973,442.811
5.86,100,66.0644,442.951
5.87,100,66.1314,443.089
5.88,100,66.1984,443.228
5.89,100,66.2653,443.365
5.9,100,66.3322,443.503
5.91,100,66.3991,443.639
5.92,100,66.4659,443.775
5.93,100,66.5326,443.911
5.94,100,66.5993,444.046
5.95,100,66.666,444.181
5.96,100,66.7326,444.315
5.97,100,66.7992,444.448
5.98,100,66.8657,444.581
5.99,100,66.9322,444.714
6,100,66.9986,444.845
6.01,100,67.065,444.977
6.02,100,67.1313,445.108
6.03,100,67.1976,445.238
6.04,100,67.2639,445.368
6.05,100,67.3301,445.497
6.06,100,67.3962,445.626
6.07,100,67.4623,445.754
6.08,100,67.5284,445.882
6.09,100,67.5944,446.009
6.1,100,67.6604,446.136
6.11,100,67.7263,446.262
6.12,100,67.7922,446.387
6.13,100,67.858,446.513
6.14,100,67.9238,446.637
6.15,100,67.9895,446.761
6.16,100,68.0552,446.885
6.17,100,68.1209,447.008
6.18,100,68.1865,447.13
6.19,100,68.2521,447.252
6.2,100,68.3176,447.374
6.21,100,68.383,447.495
6.22,100,68.4485,447.615
6.23,100,68.5139,447.735
6.24,100,68.5792,447.854
6.25,100,68.6445,447.973
6.26,100,68.7097,448.092
6.27,100,68.7749,448.209
6.28,100,68.8401,448.327
6.29,100,68.9052,448.443
6.3,100,68.9703,448.56
6.31,100,69.0353,448.675
6.32,100,69.1003,448.791
6.33,100,69.1652,448.905
6.34,100,69.2301,449.02
6.35,100,69.2949,449.133
6.36,100,69.3597,449.246
6.37,100,69.4245,449.359
6.38,100,69.4892,449.471
6.39,100,69.5539,449.583
6.4,100,69.6185,449.694
6.41,100,69.6831,449.804
6.42,100,69.7476,449.915
6.43,100,69.8121,450.024
6.44,100,69.8765,450.133
6.45,100,69.941,450.242
6.46,100,70.0053,450.35
6.47,100,70.0696,450.457
6.48,100,70.1339,450.564
6.49,100,70.1981,450.671
6.5,100,70.2623,450.777
6.51,100,70.3265,450.882
6.52,100,70.3906,450.987
6.53,100,70.4546,451.092
6.54,100,70.5186,451.195
6.55,100,70.5826,451.299
6.56,100,70.6465,451.402
6.57,100,70.7104,451.504
6.58,100,70.7742,451.606
6.59,100,70.838,451.707
6.6,100,70.9018,451.808
6.61,100,70.9655,451.909
6.62,100,71.0292,452.009
6.63,100,71.0928,452.108
6.64,100,71.1564,452.207
6.65,100,71.2199,452.305
6.66,100,71.2834,452.403
6.67,100,71.3468,452.5
6.68,100,71.4102,452.597
6.69,100,71.4736,452.693
6.7,100,71.5369,452.789
6.71,100,71.6002,452.884
6.72,100,71.6635,452.979
6.73,100,71.7266,453.074
6.74,100,71.7898,453.167
6.75,100,71.8529,453.261
6.76,100,71.916,453.353
6.77,100,71.979,453.446
6.78,100,72.042,453.537
6.79,100,72.1049,453.629
6.8,100,72.1678,453.719
6.81,100,72.2307,453.81
6.82,100,72.2935,453.899
6.83,100,72.3563,453.989
6.84,100,72.419,454.077
6.85,100,72.4817,454.166
6.86,100,72.5443,454.253
6.87,100,72.6069,454.341
6.88,100,72.6695,454.427
6.89,100,72.732,454.514
6.9,100,72.7945,454.599
6.91,100,72.8569,454.685
6.92,100,72.9193,454.769
6.93,100,72.9817,454.854
6.94,100,73.044,454.937
6.95,100,73.1062,455.021
6.96,100,73.1685,455.103
6.97,100,73.2306,455.186
6.98,100,73.2928,455.267
6.99,100,73.3549,455.349
7,100,73.4169,455.43
7.01,100,73.479,455.51
7.02,100,73.5409,455.59
7.03,100,73.6029,455.669
7.04,100,73.6648,455.748
7.05,100,73.7266,455.826
7.06,100,73.7884,455.904
7.07,100,73.8502,455.981
7.08,100,73.9119,456.058
7.09,100,73.9736,456.134
7.1,100,74.0353,456.21
7.11,100,74.0969,456.285
7.12,100,74.1584,456.36
7.13,100,74.22,456.434
7.14,100,74.2814,456.508
7.15,100,74.3429,456.582
7.16,100,74.4043,456.655
7.17,100,74.4656,456.727
7.18,100,74.527,456.799
7.19,100,74.5882,456.87
7.2,100,74.6495,456.941
7.21,100,74.7107,457.011
7.22,100,74.7718,457.081
7.23,100,74.8329,457.151
7.24,100,74.894,457.22
7.25,100,74.955,457.288
7.26,100,75.016,457.356
7.27,100,75.077,457.424
7.28,100,75.1379,457.491
7.29,100,75.1988,457.557
7.3,100,75.2596,457.623
7.31,100,75.3204,457.689
7.32,100,75.3811,457.754
7.33,100,75.4419,457.818
7.34,100,75.5025,457.882
7.35,100,75.5631,457.946
7.36,100,75.6237,458.009
7.37,100,75.6843,458.072
7.38,100,75.7448,458.134
7.39,100,75.8053,458.195
7.4,100,75.8657,458.256
7.41,100,75.9261,458.317
7.42,100,75.9864,458.377
7.43,100,76.0467,458.437
7.44,100,76.107,458.496
7.45,100,76.1672,458.555
7.46,100,76.2274,458.613
7.47,100,76.2876,458.671
7.48,100,76.3477,458.728
7.49,100,76.4077,458.785
7.5,100,76.4678,458.841
7.51,100,76.5278,458.897
7.52,100,76.5877,458.953
7.53,100,76.6476,459.007
7.54,100,76.7075,459.062
7.55,100,76.7673,459.116
7.56,100,76.8271,459.169
7.57,100,76.8868,459.222
7.58,100,76.9466,459.275
7.59,100,77.0062,459.327
7.6,100,77.0659,459.378
7.61,100,77.1255,459.429
7.62,100,77.185,459.48
7.63,100,77.2445,459.53
7.64,100,77.304,459.579
7.65,100,77.3634,459.629
7.66,100,77.4228,459.677
7.67,100,77.4822,459.725
7.68,100,77.5415,459.773
7.69,100,77.6008,459.82
7.7,100,77.66,459.867
7.71,100,77.7192,459.913
7.72,100,77.7784,459.959
7.73,100,77.8375,460.004
7.74,100,77.8966,460.049
7.75,100,77.9556,460.094
7.76,100,78.0146,460.138
7.77,100,78.0736,460.181
7.78,100,78.1325,460.224
7.79,100,78.1914,460.267
7.8,100,78.2502,460.309
7.81,100,78.309,460.35
7.82,100,78.3678,460.391
7.83,100,78.4265,460.432
7.84,100,78.4852,460.472
7.85,100,78.5439,460.512
7.86,100,78.6025,460.551
7.87,100,78.6611,460.589
7.88,100,78.7196,460.628
7.89,100,78.7781,460.665
7.9,100,78.8366,460.703
7.91,100,78.895,460.74
7.92,100,78.9534,460.776
7.93,100,79.0117,460.812
7.94,100,79.07,460.847
7.95,100,79.1283,460.882
7.96,100,79.1865,460.917
7.97,100,79.2447,460.951
7.98,100,79.3029,460.984
7.99,100,79.361,461.018
8,100,79.4191,461.05
8.01,100,79.4771,461.082
8.02,100,79.5351,461.114
8.03,100,79.593,461.145
8.04,100,79.651,461.176
8.05,100,79.7088,461.206
8.06,100,79.7667,461.236
8.07,100,79.8245,461.266
8.08,100,79.8823,461.294
8.09,100,79.94,461.323
8.1,100,79.9977,461.351
8.11,100,80.0553,461.378
8.12,100,80.113,461.406
8.13,100,80.1705,461.432
8.14,100,80.2281,461.458
8.15,100,80.2856,461.484
8.16,100,80.343,461.509
8.17,100,80.4005,461.534
8.18,100,80.4578,461.558
8.19,100,80.5152,461.582
8.2,100,80.5725,461.605
8.21,100,80.6298,461.628
8.22,100,80.687,461.651
8.23,100,80.7442,461.673
8.24,100,80.8014,461.694
8.25,100,80.8585,461.715
8.26,100,80.9156,461.736
8.27,100,80.9726,461.756
8.28,100,81.0296,461.776
8.29,100,81.0866,461.795
8.3,100,81.1435,461.814
8.31,100,81.2004,461.832
8.32,100,81.2573,461.85
8.33,100,81.3141,461.868
8.34,100,81.3709,461.885
8.35,100,81.4276,461.901
8.36,100,81.4843,461.917
8.37,100,81.541,461.933
8.38,100,81.5976,461.948
8.39,100,81.6542,461.963
8.4,100,81.7108,461.977
8.41,100,81.7673,461.991
8.42,100,81.8238,462.004
8.43,100,81.8802,462.017
8.44,100,81.9367,462.029
8.45,100,81.993,462.041
8.46,100,82.0494,462.053
8.47,100,82.1057,462.064
8.48,100,82.1619,462.074
8.49,100,82.2181,462.085
8.5,100,82.2743,462.094
8.51,100,82.3305,462.104
8.52,100,82.3866,462.112
8.53,100,82.4426,462.121
8.54,100,82.4987,462.129
8.55,100,82.5547,462.136
8.56,100,82.6106,462.143
8.57,100,82.6666,462.15
8.58,100,82.7225,462.156
8.59,100,82.7783,462.161
8.6,100,82.8341,462.167
8.61,100,82.8899,462.171
8.62,100,82.9456,462.176
8.63,100,83.0013,462.18
8.64,100,83.057,462.183
8.65,100,83.1126,462.186
8.66,100,83.1682,462.189
8.67,100,83.2238,462.191
8.68,100,83.2793,462.192
8.69,100,83.3348,462.194
8.7,100,83.3902,462.194
8.71,100,83.4456,462.195
8.72,100,83.501,462.195
8.73,100,83.5563,462.194
8.74,100,83.6116,462.193
8.75,100,83.6669,462.192
8.76,100,83.7221,462.19
8.77,100,83.7773,462.187
8.78,100,83.8324,462.185
8.79,100,83.8876,462.181
8.8,100,83.9426,462.178
8.81,100,83.9977,462.174
8.82,100,84.0527,462.169
8.83,100,84.1076,462.164
8.84,100,84.1626,462.159
8.85,100,84.2175,462.153
8.86,100,84.2723,462.146
8.87,100,84.3271,462.14
8.88,100,84.3819,462.132
8.89,100,84.4367,462.125
8.9,100,84.4914,462.117
8.91,100,84.5461,462.108
8.92,100,84.6007,462.099
8.93,100,84.6553,462.09
8.94,100,84.7099,462.08
8.95,100,84.7644,462.07
8.96,100,84.8189,462.059
8.97,100,84.8734,462.048
8.98,100,84.9278,462.037
8.99,100,84.9822,462.025
9,100,85.0365,462.012
9.01,100,85.0908,461.999
9.02,100,85.1451,461.986
9.03,100,85.1993,461.972
9.04,100,85.2535,461.958
9.05,100,85.3077,461.943
9.06,100,85.3618,461.928
9.07,100,85.4159,461.913
9.08,100,85.47,461.897
9.09,100,85.524,461.881
9.1,100,85.578,461.864
9.11,100,85.632,461.847
9.12,100,85.6859,461.829
9.13,100,85.7398,461.811
9.14,100,85.7936,461.792
9.15,100,85.8474,461.774
9.16,100,85.9012,461.754
9.17,100,85.9549,461.734
9.18,100,86.0086,461.714
9.19,100,86.0623,461.694
9.2,100,86.1159,461.672
9.21,100,86.1695,461.651
9.22,100,86.223,461.629
9.23,100,86.2766,461.607
9.24,100,86.33,461.584
9.25,100,86.3835,461.561
9.26,100,86.4369,461.537
9.27,100,86.4903,461.513
9.28,100,86.5436,461.488
9.29,100,86.5969,461.464
9.3,100,86.6502,461.438
9.31,100,86.7034,461.412
9.32,100,86.7566,461.386
9.33,100,86.8098,461.36
9.34,100,86.8629,461.333
9.35,100,86.916,461.305
9.36,100,86.9691,461.277
9.37,100,87.0221,461.249
9.38,100,87.0751,461.22
9.39,100,87.128,461.191
9.4,100,87.1809,461.161
9.41,100,87.2338,461.131
9.42,100,87.2867,461.101
9.43,100,87.3395,461.07
9.44,100,87.3922,461.039
9.45,100,87.445,461.007
9.46,100,87.4977,460.975
9.47,100,87.5503,460.942
9.48,100,87.603,460.909
9.49,100,87.6556,460.876
9.5,100,87.7081,460.842
9.51,100,87.7606,460.808
9.52,100,87.8131,460.773
9.53,100,87.8656,460.738
9.54,100,87.918,460.703
9.55,100,87.9704,460.667
9.56,100,88.0227,460.63
9.57,100,88.075,460.594
9.58,100,88.1273,460.557
9.59,100,88.1795,460.519
9.6,100,88.2318,460.481
9.61,100,88.2839,460.443
9.62,100,88.3361,460.404
9.63,100,88.3882,460.364
9.64,100,88.4402,460.325
9.65,100,88.4923,460.285
9.66,100,88.5442,460.244
9.67,100,88.5962,460.203
9.68,100,88.6481,460.162
9.69,100,88.7,460.12
9.7,100,88.7519,460.078
9.71,100,88.8037,460.036
9.72,100,88.8555,459.993
9.73,100,88.9072,459.949
9.74,100,88.9589,459.905
9.75,100,89.0106,459.861
9.76,100,89.0623,459.817
9.77,100,89.1139,459.772
9.78,100,89.1654,459.726
9.79,100,89.217,459.68
9.8,100,89.2685,459.634
9.81,100,89.32,459.587
9.82,100,89.3714,459.54
9.83,100,89.4228,459.493
9.84,100,89.4741,459.445
9.85,100,89.5255,459.396
9.86,100,89.5768,459.348
9.87,100,89.628,459.299
9.88,100,89.6793,459.249
9.89,100,89.7304,459.199
9.9,100,89.7816,459.149
9.91,100,89.8327,459.098
9.92,100,89.8838,459.047
9.93,100,89.9349,458.995
9.94,100,89.9859,458.943
9.95,100,90.0369,458.891
9.96,100,90.0878,458.838
9.97,100,90.1387,458.785
9.98,100,90.1896,458.731
9.99,100,90.2404,458.677
10,100,90.2912,458.623
